{"cameraMode":{"drawMode":0,"name":"Shaded","section":"Shading Mode"},"sceneLighting":false,"audioPlay":false,"sceneViewState":{"showFog":true,"showMaterialUpdate":false,"showSkybox":false,"showFlares":true,"showImageEffects":true,"showParticleSystems":true},"in2DMode":false,"pivot":{"x":-26.690000534057618,"y":3.5173778533935549,"z":-14.193408012390137},"rotation":{"x":-0.08185708522796631,"y":0.143299400806427,"z":-0.011930080130696297,"w":-0.9862976670265198},"size":8.108757972717286,"orthographic":false}