{"cameraMode":{"drawMode":0,"name":"Shaded","section":"Shading Mode"},"sceneLighting":false,"audioPlay":false,"sceneViewState":{"showFog":true,"showMaterialUpdate":false,"showSkybox":true,"showFlares":true,"showImageEffects":true,"showParticleSystems":true},"in2DMode":false,"pivot":{"x":-30.28980255126953,"y":-0.8385691046714783,"z":-46.672542572021487},"rotation":{"x":-0.009092277847230435,"y":0.9719461798667908,"z":-0.03700578585267067,"w":-0.23386020958423615},"size":66.794677734375,"orthographic":false}