{"cameraMode":{"drawMode":0,"name":"Shaded","section":"Shading Mode"},"sceneLighting":true,"audioPlay":false,"sceneViewState":{"showFog":true,"showMaterialUpdate":false,"showSkybox":true,"showFlares":true,"showImageEffects":true,"showParticleSystems":true},"in2DMode":false,"pivot":{"x":12.097795486450196,"y":18.629060745239259,"z":43.0629997253418},"rotation":{"x":0.1438474953174591,"y":-0.10818521678447724,"z":-0.015730688348412515,"w":-0.9837103486061096},"size":55.94538116455078,"orthographic":false}