{"cameraMode":{"drawMode":0,"name":"Shaded","section":"Shading Mode"},"sceneLighting":true,"audioPlay":false,"sceneViewState":{"showFog":true,"showMaterialUpdate":false,"showSkybox":true,"showFlares":true,"showImageEffects":true,"showParticleSystems":true},"in2DMode":false,"pivot":{"x":585.6343383789063,"y":65.53466796875,"z":-48.760555267333987},"rotation":{"x":-0.058771129697561267,"y":-0.02550257369875908,"z":0.0013125899713486434,"w":-0.9980981349945068},"size":306.51788330078127,"orthographic":false}